{"lr":8.540178237343209e-07,"epoch":54,"val_loss":0.3681231386238529,"macs_G":0.061542714,"accuracy":0.8639272482317278,"_step":54,"f1":0.6474694589877836,"precision":0.5447870778267254,"flops_G":0.123085428,"recall":0.7978494623655914,"_wandb":{"runtime":7191},"auc":0.9250292005908827,"_runtime":7191,"train_loss":0.22525322991022967,"params_M":1.560451,"_timestamp":1.7744260969600356e+09}