{"train_loss":0.2564541398130391,"_wandb":{"runtime":2401},"macs_G":0.061542714,"_step":20,"recall":0.6559139784946236,"params_M":1.560451,"_timestamp":1.7744174859424179e+09,"val_loss":0.3355170391419882,"_runtime":2401,"flops_G":0.123085428,"lr":9.855582021432334e-07,"precision":0.5049668874172185,"auc":0.8877679583633928,"epoch":20,"f1":0.5706267539756782,"accuracy":0.8454024924216909}